FD_Set,RMSE,MAE,R2_Score,Accuracy(%)
FD001,1.2719964295493276,1.0532007383250601,0.08768485162808137,89.93003843390517
