FD_Set,RMSE,MAE,R2_Score,Accuracy(%)
FD001,1.4330428089557163,1.1399732151750903,-0.15795432693115474,88.65508921761243
